{
    "accuracy": 0.535681186283596,
    "precision": 0.7211560996751843,
    "recall": 0.6060171919770774,
    "f1": 0.6336751861716381,
    "auc": 0.8579281644637767,
    "class_precision": [
        0.7732997481108312,
        0.5813953488372093,
        0.7003257328990228,
        0.7511032656663724,
        0.708433734939759
    ],
    "class_recall": [
        0.6189516129032258,
        0.09541984732824428,
        0.39090909090909093,
        0.8836967808930426,
        0.564299424184261
    ],
    "class_f1": [
        0.6875699888017918,
        0.16393442622950818,
        0.5017502917152858,
        0.8120229007633588,
        0.6282051282051282
    ],
    "class_auc": [
        0.8677543088389424,
        0.7594594485779624,
        0.8169945725915876,
        0.8967348375239512,
        0.8695743934940208
    ]
}