{
    "accuracy": 0.3109360518999073,
    "precision": 0.5728842798120549,
    "recall": 0.30945558739255014,
    "f1": 0.36014510784056375,
    "auc": 0.7111185479458821,
    "class_precision": [
        0.7083333333333334,
        0.0,
        0.6323529411764706,
        0.6504237288135594,
        0.5259259259259259
    ],
    "class_recall": [
        0.27419354838709675,
        0.0,
        0.07818181818181819,
        0.6375908618899273,
        0.1362763915547025
    ],
    "class_f1": [
        0.3953488372093023,
        0.0,
        0.13915857605177995,
        0.6439433665443104,
        0.21646341463414634
    ],
    "class_auc": [
        0.7266349811730912,
        0.6462117917995298,
        0.675361827227499,
        0.7491156036966071,
        0.696501371241105
    ]
}