{
    "loss": [
        1.4567537307739258,
        0.35379499197006226,
        0.1741027534008026,
        0.14648190140724182,
        0.14156129956245422,
        0.13823238015174866,
        0.137485072016716,
        0.13537149131298065,
        0.13561184704303741,
        0.1351729929447174,
        0.13433890044689178,
        0.13496576249599457,
        0.13552916049957275,
        0.1343073695898056,
        0.1334497630596161,
        0.13107280433177948,
        0.1304166167974472,
        0.12982812523841858,
        0.1296854019165039,
        0.12955227494239807,
        0.1295326054096222,
        0.12943178415298462,
        0.12832246720790863,
        0.12736423313617706,
        0.12742653489112854,
        0.12734408676624298,
        0.1272435337305069,
        0.12696602940559387,
        0.12711717188358307,
        0.12638863921165466,
        0.12557591497898102,
        0.12563087046146393,
        0.12540581822395325,
        0.12527817487716675,
        0.12494530528783798,
        0.12459590286016464,
        0.12460868805646896,
        0.12439578026533127,
        0.12422996759414673,
        0.1240466833114624,
        0.12385759502649307
    ],
    "val_loss": [
        0.600016176700592,
        0.2072986215353012,
        0.16615450382232666,
        0.14383359253406525,
        0.14047516882419586,
        0.15057158470153809,
        0.14272429049015045,
        0.13937371969223022,
        0.14018671214580536,
        0.13928721845149994,
        0.1382109522819519,
        0.13796350359916687,
        0.1402619630098343,
        0.13889683783054352,
        0.13825690746307373,
        0.13632337749004364,
        0.14041323959827423,
        0.13558021187782288,
        0.13448281586170197,
        0.13837051391601562,
        0.13483966886997223,
        0.1346922516822815,
        0.1341058611869812,
        0.13458794355392456,
        0.13189977407455444,
        0.13149137794971466,
        0.13189563155174255,
        0.1331712007522583,
        0.1322019398212433,
        0.13183599710464478,
        0.13125920295715332,
        0.13312675058841705,
        0.1333979368209839,
        0.13210360705852509,
        0.13081185519695282,
        0.1317538321018219,
        0.1316068023443222,
        0.1308927685022354,
        0.13121838867664337,
        0.13085204362869263,
        0.13090671598911285
    ],
    "binary_accuracy": [
        0.6739158034324646,
        0.7340385317802429,
        0.753031849861145,
        0.7593663334846497,
        0.7612339854240417,
        0.7623212337493896,
        0.7637866735458374,
        0.7664342522621155,
        0.7675219178199768,
        0.767781674861908,
        0.7704175114631653,
        0.7686798572540283,
        0.7695541977882385,
        0.7705354690551758,
        0.7711266279220581,
        0.7729701399803162,
        0.7737975120544434,
        0.7734902501106262,
        0.7762086987495422,
        0.7744593024253845,
        0.7752748131752014,
        0.7756648063659668,
        0.776598334312439,
        0.7784066796302795,
        0.7782531380653381,
        0.7773904204368591,
        0.7789031863212585,
        0.7794583439826965,
        0.778678834438324,
        0.7787967920303345,
        0.7808062434196472,
        0.7803330421447754,
        0.7810190320014954,
        0.7816570997238159,
        0.781751811504364,
        0.7824962735176086,
        0.780994713306427,
        0.7828863263130188,
        0.7830516695976257,
        0.7833231687545776,
        0.7825673222541809
    ],
    "val_binary_accuracy": [
        0.7041594982147217,
        0.7367417812347412,
        0.7407278418540955,
        0.7391680479049683,
        0.7454938888549805,
        0.746793806552887,
        0.7409879565238953,
        0.741507887840271,
        0.7427210807800293,
        0.7468803524971008,
        0.7501733303070068,
        0.7487868666648865,
        0.7501733899116516,
        0.7474004626274109,
        0.7458406090736389,
        0.7509531378746033,
        0.7513865828514099,
        0.7530328035354614,
        0.754766047000885,
        0.7512997984886169,
        0.7517331838607788,
        0.7518197894096375,
        0.756758987903595,
        0.7509533166885376,
        0.759358823299408,
        0.7597920298576355,
        0.7577990293502808,
        0.7541593909263611,
        0.7544192671775818,
        0.7571056485176086,
        0.7607452273368835,
        0.7534661293029785,
        0.7544193863868713,
        0.7563258409500122,
        0.7590122222900391,
        0.755459189414978,
        0.7566723227500916,
        0.7589254379272461,
        0.7584055662155151,
        0.7589254975318909,
        0.757798969745636
    ],
    "auc": [
        0.5335997343063354,
        0.5670931935310364,
        0.6122166514396667,
        0.6297963857650757,
        0.639336884021759,
        0.647415041923523,
        0.647447407245636,
        0.6534193754196167,
        0.657856822013855,
        0.6590374112129211,
        0.668114960193634,
        0.6678397059440613,
        0.6691107749938965,
        0.6699792742729187,
        0.6747360229492188,
        0.6831337213516235,
        0.6857486963272095,
        0.6882673501968384,
        0.6903467178344727,
        0.690984845161438,
        0.6917306184768677,
        0.6943086385726929,
        0.6979227066040039,
        0.6995062232017517,
        0.7004809975624084,
        0.6997641324996948,
        0.7007459998130798,
        0.7024272680282593,
        0.7021734714508057,
        0.7043880224227905,
        0.710058331489563,
        0.7092347145080566,
        0.7106801271438599,
        0.7108652591705322,
        0.7114645838737488,
        0.7148118019104004,
        0.7148200273513794,
        0.7162637114524841,
        0.7169091701507568,
        0.7184421420097351,
        0.7194381952285767
    ],
    "val_auc": [
        0.5724589228630066,
        0.6228312253952026,
        0.6383482813835144,
        0.6407175660133362,
        0.6757559776306152,
        0.6596898436546326,
        0.6653075218200684,
        0.6905462741851807,
        0.6836849451065063,
        0.6898033022880554,
        0.6929205656051636,
        0.6912046074867249,
        0.6904436945915222,
        0.687961220741272,
        0.6840136647224426,
        0.700488269329071,
        0.6844738125801086,
        0.6929789781570435,
        0.6988416910171509,
        0.690120279788971,
        0.7013983130455017,
        0.7060610055923462,
        0.7003921270370483,
        0.7011809945106506,
        0.7074710130691528,
        0.7107216119766235,
        0.7104679346084595,
        0.7068482637405396,
        0.7082670331001282,
        0.7075583338737488,
        0.7107759714126587,
        0.7075395584106445,
        0.7066173553466797,
        0.7071722745895386,
        0.7109785079956055,
        0.7100362777709961,
        0.7104932069778442,
        0.7110791206359863,
        0.7103402018547058,
        0.7107588648796082,
        0.7112065553665161
    ],
    "compression_level": "25_percent",
    "signal_type": "sampled"
}