{
    "loss": [
        0.2615906894207001,
        0.25054121017456055,
        0.2447529286146164,
        0.24007895588874817,
        0.23911182582378387,
        0.23535630106925964,
        0.23291568458080292,
        0.23205748200416565,
        0.23526863753795624,
        0.2374901920557022
    ],
    "binary_accuracy": [
        0.9025742411613464,
        0.9053455591201782,
        0.9067022204399109,
        0.9076646566390991,
        0.9070268869400024,
        0.9098562002182007,
        0.9101113080978394,
        0.9096590876579285,
        0.9088242053985596,
        0.9061340689659119
    ],
    "auc_1": [
        0.9390686750411987,
        0.9425903558731079,
        0.9442521333694458,
        0.9462679624557495,
        0.9465198516845703,
        0.947749137878418,
        0.9491125345230103,
        0.9495762586593628,
        0.9487828016281128,
        0.948383629322052
    ],
    "val_loss": [
        0.2676255404949188,
        0.25928571820259094,
        0.25955554842948914,
        0.26713863015174866,
        0.2579396665096283,
        0.2610430121421814,
        0.2596112787723541,
        0.26589593291282654,
        0.2595970332622528,
        0.26669347286224365
    ],
    "val_binary_accuracy": [
        0.8964725732803345,
        0.8992775082588196,
        0.8983425498008728,
        0.8973225951194763,
        0.9002974629402161,
        0.8993625044822693,
        0.898002564907074,
        0.8935826420783997,
        0.8977475762367249,
        0.8949426412582397
    ],
    "val_auc_1": [
        0.9437482953071594,
        0.9455360174179077,
        0.9450644254684448,
        0.9438732266426086,
        0.9451525807380676,
        0.9430851936340332,
        0.9444448351860046,
        0.941820502281189,
        0.9429593086242676,
        0.9426068067550659
    ],
    "lr": [
        9.999999747378752e-05,
        9.999999747378752e-05,
        9.999999747378752e-05,
        9.999999747378752e-05,
        9.999999747378752e-05,
        9.999999747378752e-05,
        9.999999747378752e-05,
        9.999999747378752e-05,
        4.999999873689376e-05,
        4.999999873689376e-05
    ]
}