{
    "accuracy": 0.8734303913,
    "precision": 0.76719675273445,
    "recall": 0.7184813753581661,
    "f1": 0.7327277329049668,
    "auc": 0.9153754172179321,
    "class_precision": [
        0.8145161290322581,
        0.6708860759493671,
        0.7797356828193832,
        0.7650085763293311,
        0.7613882863340564
    ],
    "class_recall": [
        0.6108870967741935,
        0.40458015267175573,
        0.6436363636363637,
        0.9262720664589823,
        0.6737044145873321
    ],
    "class_f1": [
        0.6981566820276498,
        0.5047619047619047,
        0.7051792828685259,
        0.8379520901831846,
        0.714867617107943
    ],
    "class_auc": [
        0.9043677267730562,
        0.8821801463630055,
        0.911833627537511,
        0.9334106894362675,
        0.9129512187584766
    ]
}