{
    "accuracy": 0.8821363636363636,
    "precision": 0.7914376021798365,
    "recall": 0.7292547078732584,
    "f1": 0.7588874228075656,
    "auc": 0.9183847494365391,
    "class_precision": [
      0.7552511415525114,
      0.7608695652173914,
      0.8129496402877698,
      0.8199805068226121,
      0.7570532915360502
    ],
    "class_recall": [
      0.6975806451612904,
      0.40076335877862596,
      0.6163636363636363,
      0.8795430944963655,
      0.7658349328214972
    ],
    "class_f1": [
      0.7253886010362694,
      0.5249999999999999,
      0.7011173184357542,
      0.8487262018893387,
      0.761441688378923
    ],
    "class_auc": [
      0.9010829290019333,
      0.8767861649107312,
      0.9113172992056487,
      0.9382967363292007,
      0.9264315562132819
    ]
  }