{
    "loss": [
        0.2752841114997864,
        0.2654794454574585,
        0.26415908336639404,
        0.2610340118408203,
        0.25489482283592224,
        0.2520207464694977,
        0.25516048073768616,
        0.2616245448589325,
        0.26075875759124756,
        0.27292054891586304,
        0.2845674753189087,
        0.29240548610687256,
        0.29740482568740845
    ],
    "binary_accuracy": [
        0.8904510736465454,
        0.891349732875824,
        0.8897553086280823,
        0.8915526270866394,
        0.896190881729126,
        0.8975823521614075,
        0.8977562785148621,
        0.8939297199249268,
        0.8981041312217712,
        0.894016683101654,
        0.8909149169921875,
        0.8908278942108154,
        0.8871753215789795
    ],
    "auc": [
        0.9571559429168701,
        0.9593024253845215,
        0.9594982862472534,
        0.960856020450592,
        0.9625192880630493,
        0.963579535484314,
        0.9625753164291382,
        0.961154580116272,
        0.9614761471748352,
        0.9597612023353577,
        0.9562806487083435,
        0.9545803666114807,
        0.9542272090911865
    ],
    "val_loss": [
        0.2772744596004486,
        0.27849432826042175,
        0.2772410809993744,
        0.2819000482559204,
        0.28156858682632446,
        0.28297027945518494,
        0.2855548560619354,
        0.2733055651187897,
        0.27842801809310913,
        0.27661558985710144,
        0.2749796509742737,
        0.2734927535057068,
        0.29046890139579773
    ],
    "val_binary_accuracy": [
        0.8935401439666748,
        0.8943901658058167,
        0.8967275619506836,
        0.8884403109550476,
        0.8865278363227844,
        0.884402871131897,
        0.8863153457641602,
        0.8875902891159058,
        0.8912027478218079,
        0.8931151628494263,
        0.8907777070999146,
        0.8922652006149292,
        0.8733531832695007
    ],
    "val_auc": [
        0.9520408511161804,
        0.9538893103599548,
        0.9527256488800049,
        0.9511836767196655,
        0.9512283205986023,
        0.9509240388870239,
        0.9507887363433838,
        0.9517173767089844,
        0.9509157538414001,
        0.9515054821968079,
        0.952803373336792,
        0.9517620801925659,
        0.9475885629653931
    ],
    "lr": [
        9.999999747378752e-05,
        9.999999747378752e-05,
        9.999999747378752e-05,
        9.999999747378752e-05,
        4.999999873689376e-05,
        4.999999873689376e-05,
        4.999999873689376e-05,
        2.499999936844688e-05,
        2.499999936844688e-05,
        2.499999936844688e-05,
        2.499999936844688e-05,
        1.249999968422344e-05,
        1.249999968422344e-05
    ]
}