{
    "accuracy": 0.8512283894449499,
    "precision": 0.8571974560039946,
    "recall": 0.8535031847133758,
    "f1": 0.8534246746544611,
    "auc": 0.9330892287246206,
    "class_precision": [
        0.9019434628975265,
        0.7998129092609916
    ],
    "class_recall": [
        0.8267206477732794,
        0.8878504672897196
    ],
    "class_f1": [
        0.8626953950147866,
        0.8415354330708661
    ],
    "class_auc": [
        0.9329801859068952,
        0.9332290707598135
    ]
}