{
    "loss": [
        0.09674101322889328,
        0.09133341163396835,
        0.08935228735208511,
        0.08797550946474075,
        0.08799196034669876,
        0.08853981643915176,
        0.08869627118110657,
        0.08993933349847794,
        0.09177938103675842,
        0.09302697330713272,
        0.0948501005768776
    ],
    "binary_accuracy": [
        0.9688987135887146,
        0.9695440530776978,
        0.9698641896247864,
        0.9701263308525085,
        0.9696826934814453,
        0.9695768356323242,
        0.9695894122123718,
        0.9684046506881714,
        0.9665871858596802,
        0.9653747081756592,
        0.963405966758728
    ],
    "auc_2": [
        0.8870037198066711,
        0.8928841352462769,
        0.8966168165206909,
        0.8993850350379944,
        0.8934900760650635,
        0.9011240601539612,
        0.9013321995735168,
        0.9016333818435669,
        0.8991042971611023,
        0.8997213840484619,
        0.8980907201766968
    ],
    "val_loss": [
        0.09842890501022339,
        0.0965600311756134,
        0.09665444493293762,
        0.09507054090499878,
        0.09521212428808212,
        0.09388750791549683,
        0.0961683988571167,
        0.09782332181930542,
        0.09837028384208679,
        0.09945479780435562,
        0.10170120000839233
    ],
    "val_binary_accuracy": [
        0.967312753200531,
        0.967460572719574,
        0.9664258360862732,
        0.9667029976844788,
        0.9671279788017273,
        0.9670171141624451,
        0.9663519263267517,
        0.9662410616874695,
        0.9647628664970398,
        0.9647998213768005,
        0.9585542678833008
    ],
    "val_auc_2": [
        0.8889939785003662,
        0.8676179051399231,
        0.8928753137588501,
        0.8898930549621582,
        0.8670978546142578,
        0.8678665161132812,
        0.8664431571960449,
        0.8884868025779724,
        0.887931764125824,
        0.8854997158050537,
        0.892799437046051
    ],
    "lr": [
        9.999999747378752e-05,
        9.999999747378752e-05,
        9.999999747378752e-05,
        9.999999747378752e-05,
        9.999999747378752e-05,
        9.999999747378752e-05,
        9.999999747378752e-05,
        9.999999747378752e-05,
        9.999999747378752e-05,
        4.999999873689376e-05,
        4.999999873689376e-05
    ]
}