{
    "accuracy": 0.5208526413345691,
    "precision": 0.742034167003593,
    "recall": 0.5734240687679083,
    "f1": 0.6184593018410353,
    "auc": 0.857217120519437,
    "class_precision": [
        0.7902298850574713,
        0.575,
        0.714765100671141,
        0.75,
        0.7942122186495176
    ],
    "class_recall": [
        0.5544354838709677,
        0.08778625954198473,
        0.38727272727272727,
        0.8753894080996885,
        0.4740882917466411
    ],
    "class_f1": [
        0.6516587677725119,
        0.152317880794702,
        0.5023584905660378,
        0.8078581696214662,
        0.59375
    ],
    "class_auc": [
        0.8592870521330692,
        0.7625917963088222,
        0.8159837177747626,
        0.8992283528200316,
        0.8687079145058431
    ]
}