{
    "accuracy": 0.8707916287534122,
    "precision": 0.8782723152139278,
    "recall": 0.8712465878070974,
    "f1": 0.8717135945227099,
    "auc": 0.9460116522507456,
    "class_precision": [
        0.930316742081448,
        0.8115279048490394
    ],
    "class_recall": [
        0.8323886639676114,
        0.9210799584631361
    ],
    "class_f1": [
        0.8786324786324786,
        0.8628404669260701
    ],
    "class_auc": [
        0.9460407548946654,
        0.9459743295454068
    ]
}