{
    "loss": [
        1.408722162246704,
        0.43530839681625366,
        0.3328934907913208,
        0.3116552233695984,
        0.30547383427619934,
        0.29246604442596436,
        0.2950165271759033,
        0.2877688705921173,
        0.2842942476272583,
        0.27451878786087036
    ],
    "val_loss": [
        0.640444815158844,
        0.3955801725387573,
        0.3045785129070282,
        0.279327392578125,
        0.271013468503952,
        0.3153417706489563,
        0.25581374764442444,
        0.2856694757938385,
        0.30394718050956726,
        0.27660924196243286
    ],
    "binary_accuracy": [
        0.8178049921989441,
        0.8627957105636597,
        0.8712894320487976,
        0.8761885166168213,
        0.8777249455451965,
        0.8831169009208679,
        0.8814645409584045,
        0.8843344449996948,
        0.8865955471992493,
        0.8923643231391907
    ],
    "val_binary_accuracy": [
        0.8287292718887329,
        0.8327666521072388,
        0.8965150713920593,
        0.8941776752471924,
        0.8939651250839233,
        0.8727157115936279,
        0.8973650932312012,
        0.8960900902748108,
        0.8786655068397522,
        0.8977900743484497
    ],
    "auc": [
        0.8997519612312317,
        0.9346141815185547,
        0.9422805309295654,
        0.9459612369537354,
        0.9477365016937256,
        0.9516096115112305,
        0.9510639905929565,
        0.9541938900947571,
        0.9551054835319519,
        0.9580316543579102
    ],
    "val_auc": [
        0.940675675868988,
        0.9533641934394836,
        0.9548674821853638,
        0.9580679535865784,
        0.9569590091705322,
        0.9560187458992004,
        0.9624962210655212,
        0.9527840614318848,
        0.9616711139678955,
        0.9614715576171875
    ]
}