{
    "accuracy": 0.5315106580166821,
    "precision": 0.7287674223683818,
    "recall": 0.5906160458452722,
    "f1": 0.6260478923645499,
    "auc": 0.8604247811964576,
    "class_precision": [
        0.8212121212121212,
        0.5161290322580645,
        0.7388059701492538,
        0.7386070507308684,
        0.7189054726368159
    ],
    "class_recall": [
        0.5463709677419355,
        0.12213740458015267,
        0.36,
        0.8920041536863966,
        0.5547024952015355
    ],
    "class_f1": [
        0.6561743341404358,
        0.19753086419753085,
        0.4841075794621027,
        0.8080903104421449,
        0.6262188515709642
    ],
    "class_auc": [
        0.8684057295912425,
        0.7592118401133765,
        0.8221257349615558,
        0.8986031274304062,
        0.873587867887163
    ]
}