{
    "accuracy": 0.530583873957368,
    "precision": 0.7286804460336693,
    "recall": 0.5902578796561605,
    "f1": 0.6257391235955642,
    "auc": 0.8585382055563557,
    "class_precision": [
        0.7780898876404494,
        0.5571428571428572,
        0.751004016064257,
        0.7495652173913043,
        0.7057356608478803
    ],
    "class_recall": [
        0.5584677419354839,
        0.14885496183206107,
        0.34,
        0.8951194184839044,
        0.5431861804222649
    ],
    "class_f1": [
        0.6502347417840375,
        0.23493975903614459,
        0.46808510638297873,
        0.8159015617605301,
        0.613882863340564
    ],
    "class_auc": [
        0.864312817825395,
        0.762893757851,
        0.8202589326096789,
        0.9003375956412363,
        0.864287581913922
    ]
}