{
    "loss": [
        0.08366867899894714,
        0.08324352651834488,
        0.08308908343315125,
        0.08345965296030045,
        0.08357863128185272,
        0.08545561879873276,
        0.08820396661758423,
        0.09162373840808868,
        0.0962461605668068,
        0.10215089470148087
    ],
    "binary_accuracy": [
        0.9724076390266418,
        0.9727479219436646,
        0.9726370573043823,
        0.97257399559021,
        0.9721631407737732,
        0.9710690975189209,
        0.9701515436172485,
        0.9682785868644714,
        0.9663527607917786,
        0.9637815356254578
    ],
    "auc_2": [
        0.9113783836364746,
        0.9154237508773804,
        0.9056633710861206,
        0.9050636291503906,
        0.9120837450027466,
        0.9108548164367676,
        0.9101375937461853,
        0.9024009108543396,
        0.9048815965652466,
        0.8935292363166809
    ],
    "val_loss": [
        0.11255070567131042,
        0.1147633045911789,
        0.1143115684390068,
        0.11621081829071045,
        0.11003664880990982,
        0.11170345544815063,
        0.11238785088062286,
        0.12051783502101898,
        0.1190127283334732,
        0.1219451054930687
    ],
    "val_binary_accuracy": [
        0.962970495223999,
        0.9629889726638794,
        0.9623053073883057,
        0.962822675704956,
        0.9631367921829224,
        0.9628041982650757,
        0.9628041982650757,
        0.9604575037956238,
        0.9599401354789734,
        0.9555978775024414
    ],
    "val_auc_2": [
        0.8722304701805115,
        0.8691518902778625,
        0.8645367622375488,
        0.8617447018623352,
        0.8746374249458313,
        0.8749839663505554,
        0.8688749074935913,
        0.8615589737892151,
        0.8653029799461365,
        0.8624379634857178
    ],
    "lr": [
        9.999999747378752e-05,
        9.999999747378752e-05,
        9.999999747378752e-05,
        9.999999747378752e-05,
        4.999999873689376e-05,
        4.999999873689376e-05,
        4.999999873689376e-05,
        4.999999873689376e-05,
        2.499999936844688e-05,
        2.499999936844688e-05
    ]
}