{
    "accuracy": 0.9637101356568698,
    "precision": 0.8001495014950149,
    "recall": 0.529004614370468,
    "f1": 0.6367782674772037,
    "auc": 0.916352642304628,
    "class_precision": [
        0.7946768060836502,
        0.8604651162790697,
        0.86,
        0.0,
        0.759493670886076,
        0.7228915662650602,
        0.0,
        0.0,
        0.6666666666666666,
        0.0,
        0.7730496453900709,
        0.0,
        0.0,
        0.6851851851851852,
        0.8486772486772487,
        0.0,
        0.0,
        0.0,
        0.0,
        0.0,
        0.5,
        0.0,
        0.0
    ],
    "class_recall": [
        0.6830065359477124,
        0.6851851851851852,
        0.7962962962962963,
        0.0,
        0.5504587155963303,
        0.5357142857142857,
        0.0,
        0.0,
        0.40625,
        0.0,
        0.6089385474860335,
        0.0,
        0.0,
        0.5186915887850467,
        0.8328141225337488,
        0.0,
        0.0,
        0.0,
        0.0,
        0.0,
        0.009009009009009009,
        0.0,
        0.0
    ],
    "class_f1": [
        0.7346221441124781,
        0.7628865979381443,
        0.8269230769230769,
        0.0,
        0.6382978723404256,
        0.6153846153846154,
        0.0,
        0.0,
        0.5048543689320388,
        0.0,
        0.68125,
        0.0,
        0.0,
        0.5904255319148937,
        0.8406708595387841,
        0.0,
        0.0,
        0.0,
        0.0,
        0.0,
        0.017699115044247787,
        0.0,
        0.0
    ],
    "class_auc": [
        0.9555628100429742,
        0.9928828081813157,
        0.9976679104477613,
        0.867351598173516,
        0.9034433498905718,
        0.9739248048212573,
        0.9002273133604066,
        0.8942886932344764,
        0.951977657004831,
        0.6829051200410989,
        0.9667488468487913,
        0.7164833465853874,
        0.8576905417814509,
        0.9239429454326199,
        0.9334577757597925,
        0.8016434296490873,
        0.9537795992714025,
        0.7590036563071298,
        0.9118633729795671,
        0.7957650273224042,
        0.8693853266221687,
        0.8763127853881278,
        0.888687814099313
    ]
}