{
    "accuracy": 0.5296570898980537,
    "precision": 0.7067098907251891,
    "recall": 0.5995702005730659,
    "f1": 0.6266160877645377,
    "auc": 0.8574100673258921,
    "class_precision": [
        0.7971428571428572,
        0.49295774647887325,
        0.6983606557377049,
        0.7241962774957699,
        0.7046004842615012
    ],
    "class_recall": [
        0.5625,
        0.13358778625954199,
        0.38727272727272727,
        0.8888888888888888,
        0.5585412667946257
    ],
    "class_f1": [
        0.6595744680851063,
        0.21021021021021022,
        0.4982456140350877,
        0.7981351981351982,
        0.6231263383297645
    ],
    "class_auc": [
        0.8661469857536584,
        0.7643633040229331,
        0.8146313885119856,
        0.8942235083008556,
        0.8729986856252426
    ]
}