{
    "loss": [
        0.26026979088783264,
        0.24850834906101227,
        0.24247348308563232,
        0.23733919858932495,
        0.23481284081935883,
        0.2334776669740677
    ],
    "binary_accuracy": [
        0.8954081535339355,
        0.8971474766731262,
        0.9009160399436951,
        0.9024814367294312,
        0.9039888978004456,
        0.9048295617103577
    ],
    "auc": [
        0.9616341590881348,
        0.9642200469970703,
        0.9655394554138184,
        0.966728925704956,
        0.9675869941711426,
        0.9680330157279968
    ],
    "val_loss": [
        0.24448025226593018,
        0.25341880321502686,
        0.25186702609062195,
        0.2450108677148819,
        0.24587072432041168,
        0.25329020619392395
    ],
    "val_binary_accuracy": [
        0.9073523283004761,
        0.9050148725509644,
        0.901402473449707,
        0.9118146896362305,
        0.9118146896362305,
        0.9060773253440857
    ],
    "val_auc": [
        0.9658915996551514,
        0.9651024341583252,
        0.9641256332397461,
        0.9650875329971313,
        0.9658011198043823,
        0.9640319347381592
    ],
    "lr": [
        9.999999747378752e-05,
        9.999999747378752e-05,
        9.999999747378752e-05,
        9.999999747378752e-05,
        4.999999873689376e-05,
        4.999999873689376e-05
    ]
}