{
    "accuracy": 0.8826205641492265,
    "precision": 0.890490095499442,
    "recall": 0.8853503184713376,
    "f1": 0.8846444864013487,
    "auc": 0.9540558629605282,
    "class_precision": [
        0.9447463768115942,
        0.8209090909090909
    ],
    "class_recall": [
        0.8445344129554656,
        0.9376947040498442
    ],
    "class_f1": [
        0.8918341171440787,
        0.8754241396025206
    ],
    "class_auc": [
        0.9540731771917211,
        0.9540336583130482
    ]
}