{
    "loss": [
        0.12176551669836044,
        0.11211873590946198,
        0.10892947763204575,
        0.10731647163629532,
        0.1073339432477951,
        0.10688897222280502,
        0.10691581666469574,
        0.10778682678937912,
        0.10937441140413284,
        0.11064904183149338
    ],
    "binary_accuracy": [
        0.9611599445343018,
        0.9634790420532227,
        0.9639303088188171,
        0.9641949534416199,
        0.9637991786003113,
        0.9637261033058167,
        0.9633731842041016,
        0.9626270532608032,
        0.9613061547279358,
        0.9599424004554749
    ],
    "auc": [
        0.8313407301902771,
        0.8493682146072388,
        0.8576205968856812,
        0.8548351526260376,
        0.8632581233978271,
        0.8632284998893738,
        0.8651212453842163,
        0.8629985451698303,
        0.8635292649269104,
        0.8696481585502625
    ],
    "val_loss": [
        0.11860182881355286,
        0.11245163530111313,
        0.11076229810714722,
        0.1105712428689003,
        0.10763866454362869,
        0.10954854637384415,
        0.10937952995300293,
        0.11230536550283432,
        0.11170098930597305,
        0.11292873322963715
    ],
    "val_binary_accuracy": [
        0.9594597220420837,
        0.9610857367515564,
        0.9623422622680664,
        0.9616215825080872,
        0.962471604347229,
        0.9620651006698608,
        0.9611781239509583,
        0.9604759812355042,
        0.9602912068367004,
        0.9564847946166992
    ],
    "val_auc": [
        0.8588841557502747,
        0.8656468391418457,
        0.8662515878677368,
        0.8659173846244812,
        0.8488174080848694,
        0.870725691318512,
        0.8693550229072571,
        0.8683330416679382,
        0.8508355617523193,
        0.8758049607276917
    ],
    "lr": [
        9.999999747378752e-05,
        9.999999747378752e-05,
        9.999999747378752e-05,
        9.999999747378752e-05,
        9.999999747378752e-05,
        9.999999747378752e-05,
        9.999999747378752e-05,
        9.999999747378752e-05,
        4.999999873689376e-05,
        4.999999873689376e-05
    ]
}