{
    "accuracy": 0.9636270642480556,
    "precision": 0.6835798324412793,
    "recall": 0.5372445616348055,
    "f1": 0.5622311630020916,
    "auc": 0.9188275689546888,
    "class_precision": [
        0.8530805687203792,
        0.8913043478260869,
        0.8444444444444444,
        0.0,
        0.8061224489795918,
        0.7142857142857143,
        0.0,
        0.0,
        0.6770833333333334,
        0.0,
        0.8050847457627118,
        0.0,
        0.0,
        0.746268656716418,
        0.7841409691629956,
        0.0,
        0.0,
        0.0,
        0.0,
        0.0,
        0.6666666666666666,
        0.0,
        1.0
    ],
    "class_recall": [
        0.5882352941176471,
        0.7592592592592593,
        0.7037037037037037,
        0.0,
        0.4831804281345566,
        0.49107142857142855,
        0.0,
        0.0,
        0.5078125,
        0.0,
        0.5307262569832403,
        0.0,
        0.0,
        0.4672897196261682,
        0.9241952232606438,
        0.0,
        0.0,
        0.0,
        0.0,
        0.0,
        0.018018018018018018,
        0.0,
        0.04878048780487805
    ],
    "class_f1": [
        0.6963249516441006,
        0.82,
        0.7676767676767676,
        0.0,
        0.6042065009560229,
        0.582010582010582,
        0.0,
        0.0,
        0.5803571428571429,
        0.0,
        0.6397306397306397,
        0.0,
        0.0,
        0.5747126436781609,
        0.8484270734032412,
        0.0,
        0.0,
        0.0,
        0.0,
        0.0,
        0.03508771929824561,
        0.0,
        0.09302325581395349
    ],
    "class_auc": [
        0.9600605922425349,
        0.9953358208955224,
        0.9977110972913211,
        0.8668378995433791,
        0.9211986590761617,
        0.9710442062731133,
        0.8756366051132736,
        0.8784522706209452,
        0.9550988828502416,
        0.6517344579781483,
        0.962988480939455,
        0.7130709426627794,
        0.860651974288338,
        0.9253019482966537,
        0.9331256490134995,
        0.8229455598621087,
        0.9232695810564663,
        0.8122029250457039,
        0.9017612076852699,
        0.8565573770491803,
        0.8766777911514754,
        0.8393264840182649,
        0.923486560007377
    ]
}