{
    "loss": [
        1.4079666137695312,
        0.2865985333919525,
        0.10306011885404587,
        0.06969141960144043,
        0.06073062866926193,
        0.05624017491936684,
        0.05217583104968071,
        0.050472814589738846,
        0.04805070906877518,
        0.04585287347435951,
        0.04523632675409317,
        0.040230441838502884,
        0.0368528887629509,
        0.0365542396903038,
        0.03614820912480354,
        0.03501255810260773,
        0.031801458448171616,
        0.030558675527572632,
        0.030259158462285995,
        0.029584476724267006,
        0.028040746226906776,
        0.02722587250173092,
        0.026522019878029823,
        0.02648535929620266,
        0.026567764580249786,
        0.02606799826025963,
        0.02536778524518013,
        0.024569453671574593,
        0.024493765085935593,
        0.024112610146403313,
        0.02423250302672386,
        0.023007070645689964,
        0.02311771735548973,
        0.02297649160027504
    ],
    "val_loss": [
        0.5708481669425964,
        0.16235721111297607,
        0.10402379930019379,
        0.19365638494491577,
        0.057338371872901917,
        0.10251709818840027,
        0.1139150857925415,
        0.044481657445430756,
        0.05599680542945862,
        0.06406323611736298,
        0.12498456984758377,
        0.039978861808776855,
        0.0352485254406929,
        0.04662369191646576,
        0.04255663603544235,
        0.03948186710476875,
        0.03183508291840553,
        0.035713080316782,
        0.0322609469294548,
        0.03441089391708374,
        0.030397845432162285,
        0.03108547255396843,
        0.030554646626114845,
        0.029385952278971672,
        0.030799686908721924,
        0.029832784086465836,
        0.029799437150359154,
        0.028593258932232857,
        0.029986608773469925,
        0.030347777530550957,
        0.029729459434747696,
        0.029166841879487038,
        0.029320240020751953,
        0.029820522293448448
    ],
    "binary_accuracy": [
        0.7411535382270813,
        0.8652759194374084,
        0.8946812152862549,
        0.9143483638763428,
        0.9240516424179077,
        0.9290860891342163,
        0.9346886277198792,
        0.9383521676063538,
        0.9407632350921631,
        0.9437065124511719,
        0.9454323649406433,
        0.9515543580055237,
        0.9537284970283508,
        0.9541426301002502,
        0.9550879597663879,
        0.9564235806465149,
        0.9609387516975403,
        0.961564838886261,
        0.9616002440452576,
        0.9627587199211121,
        0.9646967649459839,
        0.9654175043106079,
        0.9661031365394592,
        0.9660914540290833,
        0.9656661152839661,
        0.9669187068939209,
        0.9677460193634033,
        0.9682778120040894,
        0.9684315323829651,
        0.9691171646118164,
        0.9689992070198059,
        0.9704524278640747,
        0.9702755212783813,
        0.9697197675704956
    ],
    "val_binary_accuracy": [
        0.7594454288482666,
        0.8419410586357117,
        0.8474003672599792,
        0.8168109655380249,
        0.9274697303771973,
        0.8697572946548462,
        0.8864818811416626,
        0.9453206658363342,
        0.932495653629303,
        0.9109185934066772,
        0.8314557671546936,
        0.9468804597854614,
        0.9558058977127075,
        0.9419410824775696,
        0.9450605511665344,
        0.9478336572647095,
        0.9582321643829346,
        0.9534661173820496,
        0.9577123522758484,
        0.9553726315498352,
        0.9579721689224243,
        0.9564124345779419,
        0.9591853618621826,
        0.9604851603507996,
        0.9591854810714722,
        0.9587520956993103,
        0.9590986967086792,
        0.961351752281189,
        0.9610052108764648,
        0.9610052108764648,
        0.9602254033088684,
        0.9616984724998474,
        0.9610050916671753,
        0.9597921371459961
    ],
    "auc": [
        0.7169688940048218,
        0.886894702911377,
        0.9257893562316895,
        0.9433670043945312,
        0.9514923095703125,
        0.9568477869033813,
        0.9615923166275024,
        0.9622025489807129,
        0.964865505695343,
        0.9668651819229126,
        0.9686142206192017,
        0.9727152585983276,
        0.9751986265182495,
        0.975489616394043,
        0.976296603679657,
        0.9779513478279114,
        0.9807151556015015,
        0.9815332293510437,
        0.981376051902771,
        0.9820855855941772,
        0.9839147329330444,
        0.9843991994857788,
        0.9853019714355469,
        0.9852968454360962,
        0.9853971600532532,
        0.9857934713363647,
        0.9866277575492859,
        0.9874812364578247,
        0.9873005747795105,
        0.987947940826416,
        0.9876258969306946,
        0.9887555837631226,
        0.9889527559280396,
        0.9889703989028931
    ],
    "val_auc": [
        0.7421144247055054,
        0.9009541273117065,
        0.9340825080871582,
        0.9049367904663086,
        0.9603978991508484,
        0.9324342608451843,
        0.9398037195205688,
        0.9746658205986023,
        0.9684664607048035,
        0.968281090259552,
        0.954952597618103,
        0.9749400019645691,
        0.9791526794433594,
        0.9744278788566589,
        0.9751420021057129,
        0.972250759601593,
        0.9812339544296265,
        0.9805728793144226,
        0.9810448884963989,
        0.9785679578781128,
        0.9814704656600952,
        0.9814178347587585,
        0.9815581440925598,
        0.9819155931472778,
        0.9816102981567383,
        0.9821041226387024,
        0.9817231297492981,
        0.9823601841926575,
        0.9821387529373169,
        0.9812570810317993,
        0.9815676808357239,
        0.9822871088981628,
        0.9818840026855469,
        0.9816995859146118
    ],
    "compression_level": "25_percent"
}