{
    "accuracy": 0.9650354867824465,
    "precision": 0.7555287009063444,
    "recall": 0.6170072511535926,
    "f1": 0.6794258373205741,
    "auc": 0.9290562445786824,
    "class_precision": [
        0.8188405797101449,
        0.7936507936507936,
        0.7619047619047619,
        0.0,
        0.6571428571428571,
        0.6030534351145038,
        0.0,
        0.0,
        0.6785714285714286,
        0.0,
        0.7237569060773481,
        0.0,
        0.0,
        0.7443609022556391,
        0.810126582278481,
        0.0,
        0.0,
        0.0,
        0.0,
        0.0,
        0.5846153846153846,
        0.0,
        0.6923076923076923
    ],
    "class_recall": [
        0.738562091503268,
        0.9259259259259259,
        0.8888888888888888,
        0.0,
        0.7033639143730887,
        0.7053571428571429,
        0.0,
        0.0,
        0.4453125,
        0.0,
        0.7318435754189944,
        0.0,
        0.0,
        0.46261682242990654,
        0.9304257528556594,
        0.0,
        0.0,
        0.0,
        0.0,
        0.0,
        0.17117117117117117,
        0.0,
        0.21951219512195122
    ],
    "class_f1": [
        0.7766323024054983,
        0.8547008547008547,
        0.8205128205128205,
        0.0,
        0.6794682422451994,
        0.6502057613168725,
        0.0,
        0.0,
        0.5377358490566038,
        0.0,
        0.7277777777777777,
        0.0,
        0.0,
        0.5706051873198847,
        0.8661188980183664,
        0.0,
        0.0,
        0.0,
        0.0,
        0.0,
        0.26480836236933797,
        0.0,
        0.3333333333333333
    ],
    "class_auc": [
        0.9674688057040999,
        0.9967523493642897,
        0.9973051409618573,
        0.8892123287671233,
        0.928460634470765,
        0.9743571086152581,
        0.9105764564656603,
        0.9052131603336422,
        0.9607827596618358,
        0.6612027407243684,
        0.971809707222725,
        0.7246333598374415,
        0.8069329660238751,
        0.9306673010250226,
        0.9496647201516852,
        0.829160467067115,
        0.6851092896174864,
        0.7576782449725777,
        0.9484217749313816,
        0.9107468123861566,
        0.8796982711456396,
        0.8158675799086758,
        0.9395661395177278
    ]
}