{
    "loss": [
        0.8604511618614197,
        0.1405400186777115,
        0.12651915848255157,
        0.12299754470586777,
        0.11989063024520874,
        0.11717970669269562,
        0.11617495864629745,
        0.11395575106143951,
        0.11366672813892365,
        0.11251691728830338,
        0.11057446151971817,
        0.11000494658946991,
        0.10954666137695312,
        0.10862167924642563,
        0.10689639300107956,
        0.10667211562395096,
        0.10481976717710495,
        0.10559520870447159,
        0.10442459583282471
    ],
    "val_loss": [
        0.2036067247390747,
        0.144128680229187,
        0.1375347077846527,
        0.12083569169044495,
        0.11980502307415009,
        0.12033581733703613,
        0.11897040158510208,
        0.11358775943517685,
        0.11449243128299713,
        0.11284952610731125,
        0.11044421792030334,
        0.11541072279214859,
        0.1123705580830574,
        0.10899527370929718,
        0.11067977547645569,
        0.1081092432141304,
        0.10826824605464935,
        0.10861648619174957,
        0.11966083943843842
    ],
    "binary_accuracy": [
        0.899621844291687,
        0.9593319296836853,
        0.9610986113548279,
        0.962001621723175,
        0.9626671075820923,
        0.9635976552963257,
        0.9635923504829407,
        0.9640761017799377,
        0.9641616940498352,
        0.9648524522781372,
        0.965248703956604,
        0.9655078649520874,
        0.9654045104980469,
        0.9657018780708313,
        0.9664933085441589,
        0.9664738178253174,
        0.9671715497970581,
        0.9667304158210754,
        0.9674166440963745
    ],
    "val_binary_accuracy": [
        0.9484654664993286,
        0.9558379650115967,
        0.9558748602867126,
        0.9622498154640198,
        0.9620283246040344,
        0.9638941884040833,
        0.9623237252235413,
        0.9629334807395935,
        0.9640974402427673,
        0.963912844657898,
        0.9644116759300232,
        0.9633587002754211,
        0.9645779132843018,
        0.9645411968231201,
        0.9648919701576233,
        0.966001033782959,
        0.9652985334396362,
        0.9659269452095032,
        0.9635801911354065
    ],
    "auc": [
        0.6506689190864563,
        0.7930335402488708,
        0.8133324384689331,
        0.824715256690979,
        0.8286751508712769,
        0.8367383480072021,
        0.8382784128189087,
        0.8425906896591187,
        0.8463096022605896,
        0.848869800567627,
        0.8549532890319824,
        0.8468558192253113,
        0.8571102023124695,
        0.8640748858451843,
        0.8619643449783325,
        0.8652647137641907,
        0.8737376928329468,
        0.865774393081665,
        0.873389720916748
    ],
    "val_auc": [
        0.7962400913238525,
        0.8329676985740662,
        0.8106873631477356,
        0.8252277970314026,
        0.8278295993804932,
        0.8183996677398682,
        0.8263450264930725,
        0.8365902304649353,
        0.8424252867698669,
        0.8594356179237366,
        0.84084552526474,
        0.8637680411338806,
        0.8384149074554443,
        0.8506499528884888,
        0.8461369872093201,
        0.8805912733078003,
        0.8740586042404175,
        0.8696035146713257,
        0.8564594388008118
    ]
}