{
    "accuracy": 0.9645, 
    "precision": 0.7662, 
    "recall": 0.6170, 
    "f1": 0.6794,
    "auc": 0.9290,
    "class_precision": [
        0.7722772277227723,
        0.8541666666666666,
        0.8461538461538461,
        0.0,
        0.7190635451505016,
        0.7283950617283951,
        0.4117647058823529,
        1.0,
        0.5853658536585366,
        0.0,
        0.711864406779661,
        0.0,
        0.0,
        0.6847826086956522,
        0.8579175704989154,
        0.0,
        0.0,
        0.0,
        0.0,
        0.0,
        0.5508474576271186,
        0.0,
        1.0
    ],
    "class_recall": [
        0.7647058823529411,
        0.7592592592592593,
        0.8148148148148148,
        0.0,
        0.6574923547400612,
        0.5267857142857143,
        0.07526881720430108,
        0.025,
        0.5625,
        0.0,
        0.7039106145251397,
        0.0,
        0.0,
        0.5887850467289719,
        0.8213914849428868,
        0.0,
        0.0,
        0.0,
        0.0,
        0.0,
        0.2927927927927928,
        0.0,
        0.024390243902439025
    ],
    "class_f1": [
        0.7684729064039408,
        0.803921568627451,
        0.8301886792452831,
        0.0,
        0.6869009584664537,
        0.6113989637305699,
        0.12727272727272726,
        0.04878048780487805,
        0.5737051792828686,
        0.0,
        0.7078651685393258,
        0.0,
        0.0,
        0.6331658291457286,
        0.8392572944297082,
        0.0,
        0.0,
        0.0,
        0.0,
        0.0,
        0.38235294117647056,
        0.0,
        0.047619047619047616
    ],
    "class_auc": [
        0.9590726001464716,
        0.9943943477059148,
        0.9977542841348811,
        0.8829337899543378,
        0.9119556991714843,
        0.9741345363648815,
        0.9050443133348658,
        0.8989110287303058,
        0.9534382548309178,
        0.6942969277363934,
        0.9701661035802336,
        0.6987366375121478,
        0.8635904499540863,
        0.9200637812782635,
        0.9358205002081048,
        0.7999473416729428,
        0.9392076502732241,
        0.7808957952468006,
        0.9009225373589508,
        0.7962204007285975,
        0.8729346755662546,
        0.8681506849315069,
        0.8773744755405967
    ]
}