{
    "loss": [
        0.2720410227775574,
        0.26750093698501587,
        0.2659691572189331,
        0.2663508355617523,
        0.26203644275665283,
        0.2617742717266083
    ],
    "binary_accuracy": [
        0.894016683101654,
        0.895234227180481,
        0.8941906094551086,
        0.8945617079734802,
        0.8955241441726685,
        0.8958951830863953
    ],
    "auc_1": [
        0.9314472079277039,
        0.9329420328140259,
        0.9337347149848938,
        0.9331880807876587,
        0.9362385869026184,
        0.9356662631034851
    ],
    "val_loss": [
        0.2874864339828491,
        0.28922271728515625,
        0.3032517731189728,
        0.2945311665534973,
        0.2965119481086731,
        0.2934843599796295
    ],
    "val_binary_accuracy": [
        0.8831279277801514,
        0.8859328627586365,
        0.8776030540466309,
        0.8811729550361633,
        0.8765830993652344,
        0.8781130313873291
    ],
    "val_auc_1": [
        0.9291607141494751,
        0.9265410304069519,
        0.9218627214431763,
        0.9244389533996582,
        0.9254071116447449,
        0.9266625642776489
    ],
    "lr": [
        9.999999747378752e-05,
        9.999999747378752e-05,
        9.999999747378752e-05,
        9.999999747378752e-05,
        4.999999873689376e-05,
        4.999999873689376e-05
    ]
}