{
    "accuracy": 0.8795268425841675,
    "precision": 0.7814799079754599,
    "recall": 0.7299426934097422,
    "f1": 0.7548321235494881,
    "auc": 0.9161712371627068,
    "class_precision": [
        0.7342047930283224,
        0.7723577235772358,
        0.7834394904458599,
        0.8117195004803074,
        0.7626459143968871
    ],
    "class_recall": [
        0.6794354838709677,
        0.36259541984732824,
        0.6709090909090909,
        0.877466251298027,
        0.7523992322456814
    ],
    "class_f1": [
        0.7057591623036649,
        0.4935064935064935,
        0.722820763956905,
        0.843313373253493,
        0.7574879227053141
    ],
    "class_auc": [
        0.8964903718585346,
        0.8739728566021072,
        0.9112731685789939,
        0.935413539840495,
        0.9257322451091143
    ]
}