{
    "loss": [
        0.336196631193161,
        0.3128657639026642,
        0.3050726652145386,
        0.29739585518836975,
        0.29559022188186646,
        0.2909546494483948,
        0.29134947061538696
    ],
    "binary_accuracy": [
        0.8660598397254944,
        0.8756261467933655,
        0.8779452443122864,
        0.8807281851768494,
        0.8817254304885864,
        0.883916974067688,
        0.883348822593689
    ],
    "auc": [
        0.8946317434310913,
        0.9084529876708984,
        0.9119823575019836,
        0.9165552854537964,
        0.9163402318954468,
        0.9205664396286011,
        0.9200981259346008
    ],
    "val_loss": [
        0.3225547671318054,
        0.30350261926651,
        0.3103666305541992,
        0.31612423062324524,
        0.3180440068244934,
        0.32475021481513977,
        0.31243205070495605
    ],
    "val_binary_accuracy": [
        0.8656183481216431,
        0.873863160610199,
        0.8684232831001282,
        0.8651933670043945,
        0.8645983934402466,
        0.8629834055900574,
        0.8657883405685425
    ],
    "val_auc": [
        0.919700026512146,
        0.9252004623413086,
        0.9224793314933777,
        0.923507034778595,
        0.9191550016403198,
        0.9204947352409363,
        0.9237887263298035
    ],
    "lr": [
        9.999999747378752e-05,
        9.999999747378752e-05,
        9.999999747378752e-05,
        9.999999747378752e-05,
        9.999999747378752e-05,
        4.999999873689376e-05,
        4.999999873689376e-05
    ]
}