{
  "accuracy": 0.8914467698817106,
  "precision": 0.7969179724841441,
  "recall": 0.7686246418338109,
  "f1": 0.7824394748276062,
  "auc": 0.9311886918177729,
  "class_precision": [
    0.8409090909090909,
    0.6157024793388429,
    0.7995824634655533,
    0.815018315018315,
    0.8078512396694215
  ],
  "class_recall": [
    0.6713709677419355,
    0.5687022900763359,
    0.6963636363636364,
    0.9241952232606438,
    0.7504798464491362
  ],
  "class_f1": [
    0.7466367713004485,
    0.5912698412698413,
    0.7444120505344995,
    0.8661800486618005,
    0.7781094527363184
  ],
  "class_auc": [
    0.9218211023084795,
    0.8986637278405148,
    0.9227007943512799,
    0.948997103350276,
    0.9325067498972779
  ]
}