{
    "loss": [
        1.2616698741912842,
        0.382583886384964,
        0.32651039958000183,
        0.31074073910713196,
        0.3048056960105896,
        0.30034419894218445,
        0.2946442663669586,
        0.2936403453350067,
        0.28779956698417664,
        0.28393319249153137,
        0.28231674432754517,
        0.2808292806148529,
        0.2765015661716461
    ],
    "val_loss": [
        0.5170879364013672,
        0.34974145889282227,
        0.3138260543346405,
        0.31708425283432007,
        0.2872133255004883,
        0.3220982551574707,
        0.28607067465782166,
        0.3041321933269501,
        0.3170926570892334,
        0.2849315404891968,
        0.29828864336013794,
        0.2856239080429077,
        0.30103039741516113
    ],
    "binary_accuracy": [
        0.8227737545967102,
        0.8724839091300964,
        0.8766006231307983,
        0.8810416460037231,
        0.8848209381103516,
        0.8862013220787048,
        0.8870706558227539,
        0.8886480927467346,
        0.890781819820404,
        0.8939350843429565,
        0.893680214881897,
        0.8943067789077759,
        0.8964285850524902
    ],
    "val_binary_accuracy": [
        0.8480237722396851,
        0.8691030740737915,
        0.8785381317138672,
        0.8741180896759033,
        0.8914576768875122,
        0.8771781921386719,
        0.8906076550483704,
        0.8840628862380981,
        0.8793030381202698,
        0.8919675946235657,
        0.8819380402565002,
        0.8896728157997131,
        0.8867824673652649
    ],
    "auc": [
        0.8317177891731262,
        0.8970475196838379,
        0.9047507047653198,
        0.9123514294624329,
        0.9154348373413086,
        0.9184304475784302,
        0.921501636505127,
        0.9226077795028687,
        0.9260852932929993,
        0.928083062171936,
        0.9295552372932434,
        0.9307688474655151,
        0.9329618215560913
    ],
    "val_auc": [
        0.9002488255500793,
        0.9149090051651001,
        0.9225608706474304,
        0.9271177053451538,
        0.9373220205307007,
        0.9313833117485046,
        0.9352687001228333,
        0.9274239540100098,
        0.9315887689590454,
        0.937850296497345,
        0.9335170984268188,
        0.9369320869445801,
        0.9371773600578308
    ]
}