{
    "accuracy": 0.8507734303912647,
    "precision": 0.856494517018836,
    "recall": 0.856687898089172,
    "f1": 0.8550096574353873,
    "auc": 0.9325290178439332,
    "class_precision": [
        0.8979057591623036,
        0.8033866415804327
    ],
    "class_recall": [
        0.8331983805668016,
        0.8868120456905504
    ],
    "class_f1": [
        0.8643427131457371,
        0.843040473840079
    ],
    "class_auc": [
        0.932242780447404,
        0.9328961031863148
    ]
}