{
    "loss": [
        1.6312874555587769,
        0.5930845737457275,
        0.4343540668487549,
        0.39505890011787415,
        0.3788856267929077,
        0.3688351809978485,
        0.3651117980480194,
        0.3532509207725525,
        0.345541387796402,
        0.34007498621940613,
        0.3377609848976135,
        0.3293612003326416,
        0.30333787202835083,
        0.29243287444114685,
        0.28771522641181946,
        0.28458911180496216,
        0.25558364391326904,
        0.25270983576774597,
        0.24540917575359344
    ],
    "val_loss": [
        0.7949528694152832,
        0.4600241780281067,
        0.36607882380485535,
        0.3539485037326813,
        0.37033700942993164,
        0.32534974813461304,
        0.31776222586631775,
        0.4182695150375366,
        0.3031761944293976,
        0.3451506197452545,
        0.3054036796092987,
        0.41111621260643005,
        0.2807762026786804,
        0.2977965772151947,
        0.2943914830684662,
        0.2973981201648712,
        0.3315553069114685,
        0.3365206718444824,
        0.3250720798969269
    ],
    "binary_accuracy": [
        0.7569573521614075,
        0.8183847665786743,
        0.8258638978004456,
        0.8327631950378418,
        0.840242326259613,
        0.8447936177253723,
        0.8469967246055603,
        0.8518958687782288,
        0.856215238571167,
        0.8590271472930908,
        0.8599547743797302,
        0.8674339056015015,
        0.8774350881576538,
        0.8799861073493958,
        0.885407030582428,
        0.8851171135902405,
        0.8981910943984985,
        0.8970605134963989,
        0.9012349247932434
    ],
    "val_binary_accuracy": [
        0.801742434501648,
        0.8079047799110413,
        0.8402040004730225,
        0.8467913269996643,
        0.8391415476799011,
        0.8661283254623413,
        0.881852924823761,
        0.8159795999526978,
        0.8824904561042786,
        0.8663408160209656,
        0.8924776911735535,
        0.838079035282135,
        0.8920527100563049,
        0.8890777826309204,
        0.8805779814720154,
        0.8861028552055359,
        0.8799405097961426,
        0.8703782558441162,
        0.8816404342651367
    ],
    "auc": [
        0.8426835536956787,
        0.9003464579582214,
        0.9090357422828674,
        0.9151585102081299,
        0.919511079788208,
        0.9237052798271179,
        0.9252067804336548,
        0.9298954010009766,
        0.9332855939865112,
        0.935836911201477,
        0.9369947910308838,
        0.939839243888855,
        0.9487444162368774,
        0.9516953229904175,
        0.9533053636550903,
        0.953932523727417,
        0.9633302688598633,
        0.9633179903030396,
        0.9653473496437073
    ],
    "val_auc": [
        0.8936049342155457,
        0.9225800037384033,
        0.9279259443283081,
        0.9292627573013306,
        0.9314038753509521,
        0.9444369077682495,
        0.9389981031417847,
        0.9410349726676941,
        0.9476830363273621,
        0.9452045559883118,
        0.943829357624054,
        0.9419313669204712,
        0.951244056224823,
        0.9502075910568237,
        0.9494097232818604,
        0.9496164321899414,
        0.9461446404457092,
        0.9433844685554504,
        0.9478451013565063
    ]
}