{
    "loss": [
        0.3743383288383484,
        0.3408680260181427,
        0.3314346373081207,
        0.32534676790237427,
        0.3162698745727539,
        0.3137771785259247,
        0.3126251697540283,
        0.3117988109588623,
        0.30425381660461426,
        0.30663448572158813
    ],
    "binary_accuracy": [
        0.8319515585899353,
        0.8493738174438477,
        0.8528814911842346,
        0.8570848703384399,
        0.8627957105636597,
        0.8638103008270264,
        0.8642451167106628,
        0.8689703345298767,
        0.8709125518798828,
        0.8700138926506042
    ],
    "auc": [
        0.9175748229026794,
        0.9318339824676514,
        0.9349039793014526,
        0.9375318884849548,
        0.9407689571380615,
        0.9413987398147583,
        0.9419443607330322,
        0.9425601959228516,
        0.9459118843078613,
        0.9444826245307922
    ],
    "val_loss": [
        0.35111451148986816,
        0.31371042132377625,
        0.2910805940628052,
        0.2945708930492401,
        0.27974048256874084,
        0.2873392701148987,
        0.2892047166824341,
        0.2809629440307617,
        0.28290826082229614,
        0.28243839740753174
    ],
    "val_binary_accuracy": [
        0.8251168727874756,
        0.8529536724090576,
        0.8786655068397522,
        0.8799405097961426,
        0.8899277448654175,
        0.88780277967453,
        0.8778155446052551,
        0.881852924823761,
        0.8788780570030212,
        0.8873777985572815
    ],
    "val_auc": [
        0.9402086138725281,
        0.9465023279190063,
        0.9478894472122192,
        0.94736248254776,
        0.9498893022537231,
        0.9499478936195374,
        0.950319766998291,
        0.9485867023468018,
        0.9487238526344299,
        0.9486197233200073
    ],
    "lr": [
        9.999999747378752e-05,
        9.999999747378752e-05,
        9.999999747378752e-05,
        9.999999747378752e-05,
        9.999999747378752e-05,
        9.999999747378752e-05,
        9.999999747378752e-05,
        9.999999747378752e-05,
        4.999999873689376e-05,
        4.999999873689376e-05
    ]
}