{
    "accuracy": 0.848498635122839,
    "precision": 0.8626874635361643,
    "recall": 0.8489535941765242,
    "f1": 0.8525005358363483,
    "auc": 0.9298841958680736,
    "class_precision": [
        0.918423464711274,
        0.7912087912087912
    ],
    "class_recall": [
        0.8113360323886639,
        0.897196261682243
    ],
    "class_f1": [
        0.8615649183147034,
        0.8408759124087591
    ],
    "class_auc": [
        0.9300028167711396,
        0.9297320704108702
    ]
}